{"cameraMode":{"drawMode":0,"name":"Shaded","section":"Shading Mode"},"sceneLighting":true,"audioPlay":false,"sceneViewState":{"m_AlwaysRefresh":false,"showFog":true,"showSkybox":true,"showFlares":true,"showImageEffects":true,"showParticleSystems":true,"showVisualEffectGraphs":true,"m_FxEnabled":true},"in2DMode":false,"pivot":{"x":-12.08899974822998,"y":2.1554601192474367,"z":21.824766159057618},"rotation":{"x":-0.06529390066862107,"y":0.914405107498169,"z":-0.16385287046432496,"w":-0.36437666416168215},"size":0.4809774160385132,"orthographic":false}