{"cameraMode":{"drawMode":0,"name":"Shaded","section":"Shading Mode"},"sceneLighting":true,"audioPlay":false,"sceneViewState":{"m_AlwaysRefresh":false,"showFog":true,"showSkybox":true,"showFlares":true,"showImageEffects":true,"showParticleSystems":true,"showVisualEffectGraphs":true,"m_FxEnabled":true},"in2DMode":false,"pivot":{"x":-3.231785297393799,"y":2.262361764907837,"z":22.536787033081056},"rotation":{"x":0.01599874347448349,"y":-0.713720977306366,"z":0.016255797818303109,"w":0.7001243829727173},"size":0.37808656692504885,"orthographic":false}