{"cameraMode":{"drawMode":0,"name":"Shaded","section":"Shading Mode"},"sceneLighting":false,"audioPlay":false,"sceneViewState":{"m_AlwaysRefresh":false,"showFog":false,"showSkybox":false,"showFlares":false,"showImageEffects":false,"showParticleSystems":false,"showVisualEffectGraphs":true,"m_FxEnabled":true},"in2DMode":false,"pivot":{"x":-0.032566532492637637,"y":1.5988543033599854,"z":-0.05953279510140419},"rotation":{"x":0.018044980242848398,"y":-0.9764297604560852,"z":0.0898907333612442,"w":0.1955500990152359},"size":0.47278261184692385,"orthographic":false}