{"cameraMode":{"drawMode":0,"name":"Shaded","section":"Shading Mode"},"sceneLighting":false,"audioPlay":false,"sceneViewState":{"m_AlwaysRefresh":false,"showFog":true,"showSkybox":false,"showFlares":true,"showImageEffects":true,"showParticleSystems":true,"showVisualEffectGraphs":true,"m_FxEnabled":true},"in2DMode":false,"pivot":{"x":-2.150707244873047,"y":1.8526637554168702,"z":15.856287002563477},"rotation":{"x":0.004755578935146332,"y":-0.9940668344497681,"z":0.09754181653261185,"w":0.048520125448703769},"size":2.758028984069824,"orthographic":false}